{
    "臺南市_永康區_大灣路821號": {
        "spatialReference": {
            "wkid": 4326,
            "latestWkid": 4326
        },
        "candidates": [
            {
                "address": "台南市永康區大灣路821號, 71070",
                "location": {
                    "x": 120.256052920714,
                    "y": 22.999188109766
                },
                "score": 100,
                "attributes": {
                    "Match_addr": "台南市永康區大灣路821號, 71070"
                },
                "extent": {
                    "xmin": 120.255052920714,
                    "ymin": 22.998188109766,
                    "xmax": 120.257052920714,
                    "ymax": 23.000188109766
                }
            }
        ]
    },
    "臺南市_永康區_中興里中興街69巷3號": {
        "spatialReference": {
            "wkid": 4326,
            "latestWkid": 4326
        },
        "candidates": [
            {
                "address": "台南市永康區中興街69巷3號, 71050",
                "location": {
                    "x": 120.239511989169,
                    "y": 23.007254015192
                },
                "score": 88.38,
                "attributes": {
                    "Match_addr": "台南市永康區中興街69巷3號, 71050"
                },
                "extent": {
                    "xmin": 120.238511989169,
                    "ymin": 23.006254015192,
                    "xmax": 120.240511989169,
                    "ymax": 23.008254015192
                }
            },
            {
                "address": "台南市永康區中興街69號, 71050",
                "location": {
                    "x": 120.239807601624,
                    "y": 23.007243613716
                },
                "score": 86.79,
                "attributes": {
                    "Match_addr": "台南市永康區中興街69號, 71050"
                },
                "extent": {
                    "xmin": 120.238807601624,
                    "ymin": 23.006243613716,
                    "xmax": 120.240807601624,
                    "ymax": 23.008243613716
                }
            }
        ]
    }
}